Name,Institution,Date of Birth,Educational Qualification,Marital Status,Monthly Income Range,Number of Children,Number of Family Members,Number of Working Professionals,Taking care of any elderly or sick family member?,Household and Job Management,Working Hours (Per day),Working days per week,Interest in Job,Working Condition Satisfaction,Salary Satisfaction,Working Overtime?,Colleagues or friends to help with work?,Academic/Work pressure,Stress because of students,Heavy workload,Difficulty in managing time?,Difficulty in sleeping,Frequent headaches,Tired during working hours,Body pain or neck pain,Need to take a break from work?,Measures taken to overcome stress,Heart rate,Breathing rate,Skin temperature (°F),Oxygen saturation level (%),Resting heart rate,Stress Level
Michael Wang,XYZ College,26-06-1971,Postgraduate,A single parent,50K - 1L,1,7,4,No,Neither,7,2,Moderately,Extremely Satisfied,Most Dissatisfied,Yes,Yes,Neutral,Always,Slightly,No,Always,No,Sometimes,Neither,No,Hobbies,70 to 80 bpm,14,95,95,90,Moderate
Jane Smith,PQR Institute,12-06-1978,Postgraduate,Single,50K - 1L,3,9,1,Yes,Neither,5,1,Not at all,Dissatisfied,Satisfied,No,Yes,Neutral,Rarely,Moderately,Yes,Always,No,Never,Body Pain,No,Yoga,Less than 60 bpm,17,93,99,78,Moderate
Jane Smith,RST College,04-08-1983,Postgraduate,A single parent,More than 1L,4,10,2,No,Easy,8,3,A great deal,Extremely Satisfied,Satisfied,No,Yes,Agree,Never,Not At All,Yes,Usually,No,Always,Both,No,Meditation,Less than 60 bpm,13,99,98,88,High
Sarah Wilson,XYZ College,30-07-1986,PHD,Single,More than 1L,2,10,3,No,Difficult,2,5,Moderately,Extremely Satisfied,Most Dissatisfied,Yes,No,Disagree,Never,Slightly,No,Sometimes,No,Sometimes,Neither,No,Other,80 to 90 bpm,17,91,94,60,Low
Emily Brown,XYZ College,16-05-1999,Undergraduate,A single parent,More than 1L,0,4,8,Yes,Easy,8,2,Not at all,Extremely Satisfied,Most Dissatisfied,Yes,No,Agree,Rarely,Significantly,No,Never,Yes,Never,Neither,Yes,Socializing,80 to 90 bpm,13,92,98,83,Low
Alice Johnson,LMN School,19-03-1971,Postgraduate,Single,More than 1L,4,10,10,No,Difficult,9,1,Moderately,Neither Satisfied nor Dissatisfied,Dissatisfied,No,No,Agree,Occasionally,Significantly,Yes,Always,No,Usually,Body Pain,No,Yoga,60 to 70 bpm,16,93,92,66,Moderate
Jane Smith,XYZ College,13-09-1973,Undergraduate,A single parent,Less than 50K,5,6,0,No,Neither,8,1,Not at all,Neither Satisfied nor Dissatisfied,Most Dissatisfied,No,No,Agree,Always,Not At All,Yes,Always,Yes,Sometimes,Neither,Yes,Yoga,80 to 90 bpm,20,94,100,98,High
Robert Lee,PQR Institute,13-01-1979,Postgraduate,A single parent,More than 1L,0,2,7,Yes,Easy,8,4,Moderately,Neither Satisfied nor Dissatisfied,Dissatisfied,No,No,Disagree,Often,Slightly,Yes,Sometimes,Yes,Always,Neck Pain,Yes,Meditation,70 to 80 bpm,18,100,92,81,Low
Emily Brown,ABC University,07-06-1967,Postgraduate,Single,50K - 1L,2,8,5,No,Neither,9,4,A great deal,Dissatisfied,Neither Satisfied nor Dissatisfied,Yes,No,Neutral,Often,Not At All,Yes,Always,No,Never,Neither,Yes,Socializing,60 to 70 bpm,17,99,97,94,High
Daniel Martinez,RST College,04-03-1962,Undergraduate,Married,50K - 1L,0,6,7,No,Difficult,9,3,Moderately,Extremely Satisfied,Neither Satisfied nor Dissatisfied,No,Yes,Neutral,Often,Moderately,No,Never,No,Never,Neck Pain,No,Socializing,Less than 60 bpm,18,92,96,94,High
Emma Davis,ABC University,30-12-1978,PHD,A single parent,50K - 1L,3,2,0,No,Easy,2,5,Not at all,Most Dissatisfied,Dissatisfied,Yes,Yes,Agree,Occasionally,Not At All,Yes,Always,Yes,Never,Neck Pain,No,Yoga,80 to 90 bpm,15,93,98,61,High
Jane Smith,UVW Academy,08-03-1972,Undergraduate,Single,Less than 50K,3,6,4,No,Difficult,4,3,A great deal,Dissatisfied,Most Dissatisfied,No,Yes,Agree,Rarely,Significantly,No,Never,No,Usually,Both,Yes,Yoga,80 to 90 bpm,13,98,95,94,Low
Daniel Martinez,PQR Institute,09-12-1964,Postgraduate,Single,50K - 1L,2,5,9,No,Difficult,7,5,Not at all,Dissatisfied,Most Dissatisfied,Yes,No,Disagree,Often,Significantly,No,Never,No,Usually,Neck Pain,No,Yoga,80 to 90 bpm,13,97,94,78,Low
John Doe,LMN School,20-06-1995,Postgraduate,Married,More than 1L,1,4,4,No,Difficult,5,4,A great deal,Most Dissatisfied,Extremely Satisfied,Yes,No,Disagree,Rarely,Moderately,Yes,Sometimes,Yes,Always,Both,Yes,Socializing,80 to 90 bpm,15,91,98,62,Low
Emily Brown,PQR Institute,25-07-2004,Postgraduate,Single,50K - 1L,5,6,6,Yes,Neither,1,6,Moderately,Satisfied,Extremely Satisfied,No,Yes,Neutral,Often,Moderately,No,Never,No,Usually,Neither,Yes,Meditation,Less than 60 bpm,12,98,94,65,Low
Sarah Wilson,LMN School,03-11-1970,Postgraduate,Married,50K - 1L,4,9,7,No,Difficult,5,2,Moderately,Extremely Satisfied,Satisfied,No,No,Agree,Never,Moderately,Yes,Usually,No,Usually,Both,No,Meditation,80 to 90 bpm,17,100,92,74,Moderate
Emily Brown,ABC University,17-04-1982,Undergraduate,A single parent,More than 1L,4,10,5,No,Easy,3,1,Not at all,Satisfied,Neither Satisfied nor Dissatisfied,No,Yes,Disagree,Occasionally,Slightly,No,Usually,No,Never,Body Pain,Yes,Other,60 to 70 bpm,17,92,92,64,High
Emma Davis,PQR Institute,03-05-1987,Postgraduate,Single,Less than 50K,0,9,8,No,Easy,10,1,Moderately,Satisfied,Extremely Satisfied,Yes,No,Disagree,Rarely,Not At All,No,Always,No,Sometimes,Neither,No,Other,60 to 70 bpm,20,96,97,88,Low
Robert Lee,UVW Academy,23-04-2002,Postgraduate,Single,50K - 1L,2,1,5,Yes,Neither,10,3,Moderately,Satisfied,Most Dissatisfied,Yes,Yes,Neutral,Rarely,Significantly,Yes,Always,Yes,Sometimes,Both,Yes,Hobbies,Less than 60 bpm,14,96,100,85,Moderate
John Doe,ABC University,05-06-1970,Undergraduate,Married,50K - 1L,1,1,3,Yes,Difficult,4,6,A great deal,Extremely Satisfied,Dissatisfied,Yes,Yes,Disagree,Often,Slightly,Yes,Usually,Yes,Sometimes,Neither,No,Meditation,70 to 80 bpm,16,95,97,74,Low
Sarah Wilson,RST College,11-08-1968,Undergraduate,Single,More than 1L,5,1,7,No,Easy,3,6,Not at all,Dissatisfied,Neither Satisfied nor Dissatisfied,No,No,Neutral,Often,Moderately,No,Never,No,Sometimes,Neither,Yes,Meditation,60 to 70 bpm,13,90,100,76,Low
David Miller,LMN School,10-06-1999,Undergraduate,A single parent,Less than 50K,3,4,2,No,Easy,5,1,Not at all,Neither Satisfied nor Dissatisfied,Dissatisfied,Yes,No,Neutral,Never,Moderately,No,Sometimes,No,Never,Neither,No,Music,60 to 70 bpm,20,90,97,62,High
Emma Davis,RST College,01-09-1991,PHD,Single,50K - 1L,4,2,4,No,Easy,8,1,A great deal,Most Dissatisfied,Most Dissatisfied,No,No,Disagree,Never,Slightly,No,Sometimes,No,Usually,Both,Yes,Other,70 to 80 bpm,12,95,95,65,Moderate
Daniel Martinez,LMN School,25-10-1982,Undergraduate,Single,Less than 50K,1,1,1,Yes,Neither,5,5,Not at all,Most Dissatisfied,Neither Satisfied nor Dissatisfied,No,No,Agree,Always,Significantly,Yes,Never,No,Never,Neither,Yes,Yoga,80 to 90 bpm,17,100,92,94,Moderate
Michael Wang,XYZ College,09-04-1960,PHD,Single,Less than 50K,1,1,3,No,Difficult,5,6,A great deal,Extremely Satisfied,Satisfied,Yes,No,Disagree,Always,Significantly,No,Never,Yes,Usually,Neither,No,Music,80 to 90 bpm,16,93,96,68,Low
Emma Davis,UVW Academy,07-06-2003,Postgraduate,Married,More than 1L,4,5,9,No,Difficult,1,3,Not at all,Neither Satisfied nor Dissatisfied,Satisfied,No,No,Disagree,Never,Significantly,No,Sometimes,Yes,Always,Neither,No,Music,80 to 90 bpm,15,91,100,80,High
David Miller,PQR Institute,18-02-1989,PHD,A single parent,50K - 1L,4,9,4,Yes,Difficult,2,3,A great deal,Extremely Satisfied,Satisfied,Yes,No,Agree,Occasionally,Significantly,Yes,Usually,Yes,Always,Body Pain,No,Exercise,70 to 80 bpm,20,98,100,69,Moderate
Jane Smith,UVW Academy,21-11-2001,PHD,Married,50K - 1L,3,2,5,Yes,Difficult,6,6,A great deal,Dissatisfied,Dissatisfied,No,No,Agree,Often,Moderately,No,Sometimes,No,Never,Body Pain,Yes,Music,Less than 60 bpm,12,94,98,69,High
Sarah Wilson,UVW Academy,11-07-1966,PHD,Single,More than 1L,3,6,5,No,Difficult,6,5,A great deal,Extremely Satisfied,Dissatisfied,Yes,Yes,Disagree,Rarely,Significantly,No,Always,No,Usually,Neither,Yes,Other,Less than 60 bpm,17,97,98,78,High
Emily Brown,XYZ College,19-02-2003,PHD,Single,Less than 50K,5,4,2,No,Neither,8,4,A great deal,Satisfied,Extremely Satisfied,No,Yes,Agree,Never,Not At All,Yes,Sometimes,Yes,Sometimes,Neck Pain,Yes,Music,Less than 60 bpm,15,99,94,75,Moderate
Michael Wang,PQR Institute,17-09-2001,PHD,A single parent,Less than 50K,1,8,0,Yes,Easy,4,5,Not at all,Satisfied,Extremely Satisfied,Yes,No,Disagree,Rarely,Significantly,Yes,Usually,No,Sometimes,Neither,No,Music,60 to 70 bpm,16,91,95,97,High
Jane Smith,XYZ College,19-02-1979,Postgraduate,Single,More than 1L,2,6,1,Yes,Easy,3,2,Not at all,Extremely Satisfied,Most Dissatisfied,No,No,Agree,Never,Slightly,Yes,Never,No,Usually,Neck Pain,Yes,Hobbies,70 to 80 bpm,18,94,97,84,Low
Robert Lee,PQR Institute,19-11-1995,Postgraduate,Married,Less than 50K,3,6,9,Yes,Easy,10,6,Moderately,Dissatisfied,Neither Satisfied nor Dissatisfied,No,Yes,Agree,Always,Slightly,Yes,Never,No,Always,Neck Pain,Yes,Exercise,Less than 60 bpm,16,96,94,94,Low
Robert Lee,RST College,12-02-1982,Postgraduate,Married,More than 1L,5,4,4,No,Difficult,8,5,Moderately,Extremely Satisfied,Dissatisfied,Yes,Yes,Neutral,Always,Slightly,No,Usually,No,Always,Neck Pain,No,Exercise,Less than 60 bpm,19,98,94,98,High
Emily Brown,RST College,10-09-1971,PHD,A single parent,More than 1L,3,3,0,Yes,Difficult,9,2,Not at all,Neither Satisfied nor Dissatisfied,Satisfied,Yes,Yes,Disagree,Rarely,Moderately,Yes,Usually,Yes,Sometimes,Neck Pain,Yes,Meditation,70 to 80 bpm,12,97,94,96,Moderate
Emily Brown,PQR Institute,27-09-1961,PHD,A single parent,More than 1L,4,10,7,No,Neither,2,2,Not at all,Most Dissatisfied,Dissatisfied,Yes,No,Neutral,Never,Significantly,Yes,Usually,No,Usually,Neck Pain,Yes,Exercise,60 to 70 bpm,15,99,96,98,Low
Robert Lee,PQR Institute,06-09-1987,PHD,A single parent,Less than 50K,0,6,9,Yes,Easy,8,4,A great deal,Neither Satisfied nor Dissatisfied,Extremely Satisfied,Yes,No,Neutral,Often,Moderately,Yes,Always,Yes,Usually,Neither,No,Hobbies,60 to 70 bpm,15,100,95,76,Low
David Miller,LMN School,12-02-2003,Postgraduate,Married,More than 1L,0,1,5,No,Neither,7,4,A great deal,Satisfied,Extremely Satisfied,No,Yes,Agree,Never,Not At All,Yes,Usually,No,Always,Body Pain,Yes,Music,More than 90 bpm,20,99,93,72,High
Michael Wang,UVW Academy,19-10-1960,PHD,A single parent,More than 1L,0,7,1,Yes,Easy,3,6,Not at all,Satisfied,Dissatisfied,Yes,No,Disagree,Occasionally,Slightly,No,Never,No,Always,Neck Pain,Yes,Music,Less than 60 bpm,15,95,93,62,High
Robert Lee,RST College,14-11-2002,PHD,Single,Less than 50K,2,10,8,No,Difficult,3,2,Not at all,Neither Satisfied nor Dissatisfied,Extremely Satisfied,No,No,Disagree,Rarely,Moderately,Yes,Never,Yes,Sometimes,Neither,No,Music,80 to 90 bpm,12,93,94,63,Low
John Doe,LMN School,11-11-2002,PHD,Married,Less than 50K,2,9,5,Yes,Easy,8,4,A great deal,Most Dissatisfied,Dissatisfied,No,Yes,Agree,Never,Slightly,No,Usually,Yes,Usually,Body Pain,Yes,Exercise,More than 90 bpm,17,91,92,99,Moderate
Robert Lee,XYZ College,26-06-1987,Postgraduate,A single parent,50K - 1L,1,7,5,Yes,Easy,9,2,Not at all,Extremely Satisfied,Dissatisfied,Yes,No,Disagree,Never,Moderately,No,Never,Yes,Always,Neck Pain,No,Socializing,Less than 60 bpm,14,95,96,87,Low
Sarah Wilson,XYZ College,07-09-1987,Postgraduate,A single parent,More than 1L,3,10,8,Yes,Easy,10,4,Not at all,Satisfied,Most Dissatisfied,Yes,No,Neutral,Never,Moderately,No,Sometimes,Yes,Sometimes,Both,No,Exercise,Less than 60 bpm,12,94,99,66,High
John Doe,LMN School,02-10-1970,Postgraduate,Married,Less than 50K,5,8,4,No,Easy,1,5,Moderately,Dissatisfied,Extremely Satisfied,Yes,Yes,Agree,Often,Significantly,Yes,Never,Yes,Sometimes,Both,No,Meditation,60 to 70 bpm,19,91,99,78,Low
John Doe,ABC University,05-12-1982,Postgraduate,Married,More than 1L,3,2,2,No,Neither,9,4,A great deal,Dissatisfied,Extremely Satisfied,Yes,Yes,Neutral,Always,Moderately,No,Never,Yes,Usually,Body Pain,Yes,Meditation,Less than 60 bpm,15,98,93,73,Moderate
Jane Smith,LMN School,06-09-1999,PHD,A single parent,More than 1L,5,3,8,No,Easy,7,4,Not at all,Neither Satisfied nor Dissatisfied,Neither Satisfied nor Dissatisfied,No,Yes,Agree,Never,Significantly,Yes,Sometimes,Yes,Sometimes,Neither,No,Other,Less than 60 bpm,16,96,95,85,High
Daniel Martinez,PQR Institute,22-12-1966,Undergraduate,Single,More than 1L,1,7,7,No,Difficult,2,5,Moderately,Dissatisfied,Most Dissatisfied,Yes,No,Disagree,Never,Moderately,No,Sometimes,No,Usually,Body Pain,No,Exercise,80 to 90 bpm,20,97,92,81,Moderate
Michael Wang,PQR Institute,10-12-1983,Postgraduate,A single parent,50K - 1L,3,3,9,No,Neither,9,4,A great deal,Satisfied,Satisfied,No,No,Neutral,Always,Not At All,Yes,Never,No,Sometimes,Both,No,Hobbies,80 to 90 bpm,20,95,97,85,Moderate
Jane Smith,RST College,02-04-1961,Postgraduate,Married,50K - 1L,2,9,3,Yes,Difficult,10,4,A great deal,Satisfied,Neither Satisfied nor Dissatisfied,No,Yes,Neutral,Often,Moderately,Yes,Sometimes,Yes,Never,Neither,No,Yoga,Less than 60 bpm,17,96,95,82,Low
Jane Smith,RST College,26-03-1986,Postgraduate,A single parent,More than 1L,3,5,9,No,Neither,7,2,A great deal,Most Dissatisfied,Neither Satisfied nor Dissatisfied,No,Yes,Agree,Often,Significantly,Yes,Sometimes,Yes,Sometimes,Neck Pain,Yes,Music,70 to 80 bpm,15,93,93,95,Low
Jane Smith,ABC University,15-02-1982,PHD,A single parent,Less than 50K,0,9,5,Yes,Easy,6,3,Not at all,Most Dissatisfied,Dissatisfied,Yes,Yes,Neutral,Often,Slightly,Yes,Never,Yes,Never,Neck Pain,Yes,Hobbies,60 to 70 bpm,14,96,100,99,Low
Alice Johnson,LMN School,13-01-1982,Undergraduate,Single,Less than 50K,4,2,5,No,Easy,5,2,Moderately,Most Dissatisfied,Neither Satisfied nor Dissatisfied,No,Yes,Neutral,Rarely,Not At All,No,Never,No,Usually,Neither,No,Meditation,60 to 70 bpm,17,91,96,96,Low
Daniel Martinez,XYZ College,21-05-2005,Postgraduate,Married,50K - 1L,1,2,9,Yes,Easy,9,4,A great deal,Extremely Satisfied,Most Dissatisfied,Yes,Yes,Neutral,Occasionally,Significantly,Yes,Never,Yes,Usually,Both,Yes,Other,70 to 80 bpm,12,99,92,98,Low
David Miller,LMN School,24-06-1963,PHD,A single parent,Less than 50K,0,4,7,Yes,Difficult,8,4,Moderately,Satisfied,Extremely Satisfied,No,Yes,Agree,Occasionally,Moderately,Yes,Always,Yes,Always,Neck Pain,No,Hobbies,60 to 70 bpm,19,94,98,97,Moderate
John Doe,UVW Academy,17-10-1991,Undergraduate,Married,More than 1L,1,2,5,No,Difficult,9,3,Moderately,Dissatisfied,Satisfied,Yes,No,Neutral,Never,Not At All,No,Always,Yes,Sometimes,Neck Pain,Yes,Meditation,Less than 60 bpm,14,94,93,71,Moderate
John Doe,ABC University,06-09-1981,Undergraduate,Married,More than 1L,5,1,2,No,Easy,5,4,Moderately,Extremely Satisfied,Satisfied,Yes,No,Agree,Always,Slightly,No,Always,No,Sometimes,Neither,Yes,Exercise,70 to 80 bpm,20,91,98,86,High
John Doe,UVW Academy,27-12-1979,Postgraduate,Single,Less than 50K,3,3,8,Yes,Difficult,8,6,Not at all,Neither Satisfied nor Dissatisfied,Dissatisfied,No,Yes,Disagree,Occasionally,Slightly,No,Sometimes,No,Always,Neck Pain,No,Exercise,Less than 60 bpm,15,100,95,77,Moderate
David Miller,UVW Academy,25-10-1997,Postgraduate,Single,More than 1L,3,3,2,Yes,Difficult,7,5,A great deal,Extremely Satisfied,Most Dissatisfied,Yes,Yes,Neutral,Never,Moderately,No,Never,Yes,Usually,Neither,No,Music,More than 90 bpm,14,98,96,81,Low
Sarah Wilson,PQR Institute,23-10-1986,Undergraduate,A single parent,Less than 50K,0,1,1,No,Easy,1,6,A great deal,Extremely Satisfied,Most Dissatisfied,Yes,Yes,Neutral,Rarely,Moderately,Yes,Always,Yes,Never,Neither,No,Exercise,70 to 80 bpm,13,94,98,96,Low
Alice Johnson,UVW Academy,29-07-1993,Postgraduate,Single,More than 1L,1,5,10,No,Neither,8,4,Moderately,Dissatisfied,Neither Satisfied nor Dissatisfied,Yes,No,Disagree,Occasionally,Slightly,No,Always,Yes,Sometimes,Neck Pain,No,Hobbies,60 to 70 bpm,17,100,100,71,High
Emma Davis,XYZ College,15-07-1993,Undergraduate,A single parent,50K - 1L,4,5,7,Yes,Neither,3,3,Moderately,Neither Satisfied nor Dissatisfied,Neither Satisfied nor Dissatisfied,No,No,Agree,Occasionally,Slightly,Yes,Never,No,Always,Neck Pain,No,Other,Less than 60 bpm,16,97,95,89,Low
David Miller,ABC University,18-05-1998,Postgraduate,Single,More than 1L,2,2,3,No,Difficult,10,3,Not at all,Most Dissatisfied,Satisfied,Yes,Yes,Neutral,Always,Moderately,Yes,Always,No,Sometimes,Neither,No,Other,80 to 90 bpm,17,93,100,64,Low
Emma Davis,XYZ College,19-03-1966,Postgraduate,A single parent,More than 1L,0,9,1,No,Difficult,6,5,Not at all,Most Dissatisfied,Neither Satisfied nor Dissatisfied,No,Yes,Agree,Never,Slightly,No,Never,Yes,Never,Body Pain,Yes,Hobbies,70 to 80 bpm,14,92,95,98,High
Alice Johnson,UVW Academy,12-12-1977,Undergraduate,Married,Less than 50K,5,8,0,Yes,Difficult,3,3,Moderately,Neither Satisfied nor Dissatisfied,Dissatisfied,No,Yes,Disagree,Never,Moderately,Yes,Sometimes,No,Sometimes,Both,No,Meditation,More than 90 bpm,14,99,100,85,Low
Robert Lee,LMN School,12-07-1962,Postgraduate,Single,More than 1L,3,9,10,No,Neither,8,4,Moderately,Neither Satisfied nor Dissatisfied,Satisfied,Yes,No,Agree,Never,Not At All,No,Always,No,Sometimes,Neck Pain,Yes,Meditation,More than 90 bpm,12,91,97,74,High
Daniel Martinez,ABC University,19-12-2001,PHD,Married,More than 1L,0,6,3,Yes,Easy,10,1,A great deal,Dissatisfied,Neither Satisfied nor Dissatisfied,No,No,Disagree,Never,Slightly,Yes,Usually,No,Always,Neither,No,Yoga,80 to 90 bpm,19,93,95,82,High
Michael Wang,LMN School,12-04-1991,Postgraduate,Single,Less than 50K,0,5,10,Yes,Neither,3,2,A great deal,Neither Satisfied nor Dissatisfied,Neither Satisfied nor Dissatisfied,Yes,Yes,Agree,Occasionally,Slightly,Yes,Always,No,Sometimes,Neither,No,Yoga,80 to 90 bpm,19,100,93,93,Moderate
John Doe,PQR Institute,22-01-1973,Postgraduate,Single,More than 1L,3,3,6,No,Easy,6,5,A great deal,Satisfied,Most Dissatisfied,No,No,Neutral,Rarely,Not At All,Yes,Usually,Yes,Always,Both,No,Meditation,More than 90 bpm,20,95,93,60,Low
Jane Smith,RST College,23-01-1970,Undergraduate,A single parent,50K - 1L,4,8,2,No,Easy,4,5,A great deal,Neither Satisfied nor Dissatisfied,Neither Satisfied nor Dissatisfied,Yes,No,Disagree,Never,Significantly,No,Sometimes,Yes,Always,Body Pain,No,Exercise,70 to 80 bpm,13,99,92,75,High
Sarah Wilson,ABC University,18-11-1977,Undergraduate,A single parent,50K - 1L,1,9,2,Yes,Difficult,7,6,Moderately,Satisfied,Extremely Satisfied,Yes,Yes,Disagree,Never,Not At All,No,Usually,No,Usually,Both,No,Other,More than 90 bpm,18,93,100,66,High
Michael Wang,UVW Academy,27-04-2001,Undergraduate,Married,50K - 1L,0,4,4,No,Neither,2,5,A great deal,Dissatisfied,Dissatisfied,Yes,No,Disagree,Occasionally,Moderately,No,Usually,No,Usually,Neck Pain,No,Socializing,Less than 60 bpm,16,92,93,68,High
Daniel Martinez,XYZ College,08-12-1993,PHD,A single parent,Less than 50K,2,4,9,Yes,Neither,5,4,Moderately,Satisfied,Neither Satisfied nor Dissatisfied,No,Yes,Neutral,Always,Significantly,No,Usually,Yes,Sometimes,Both,No,Hobbies,80 to 90 bpm,16,96,100,78,High
Emily Brown,UVW Academy,15-07-1969,Postgraduate,A single parent,50K - 1L,2,9,1,No,Easy,1,5,A great deal,Dissatisfied,Neither Satisfied nor Dissatisfied,No,Yes,Disagree,Often,Slightly,Yes,Always,Yes,Sometimes,Both,Yes,Meditation,60 to 70 bpm,14,100,93,79,Low
Alice Johnson,UVW Academy,24-04-1967,Undergraduate,Married,Less than 50K,0,10,4,No,Easy,7,3,Not at all,Satisfied,Neither Satisfied nor Dissatisfied,No,No,Neutral,Always,Slightly,Yes,Always,No,Always,Neither,Yes,Hobbies,60 to 70 bpm,13,90,93,77,Low
Daniel Martinez,PQR Institute,28-01-1993,Undergraduate,Single,More than 1L,5,9,7,No,Neither,6,2,A great deal,Extremely Satisfied,Satisfied,No,Yes,Agree,Rarely,Slightly,Yes,Sometimes,Yes,Always,Both,No,Exercise,More than 90 bpm,18,90,98,69,Low
John Doe,ABC University,04-09-1991,Postgraduate,A single parent,50K - 1L,5,10,5,Yes,Easy,7,4,Not at all,Most Dissatisfied,Dissatisfied,No,Yes,Neutral,Always,Not At All,Yes,Always,Yes,Usually,Neither,No,Meditation,More than 90 bpm,13,97,100,75,High
Jane Smith,PQR Institute,15-03-1986,PHD,A single parent,Less than 50K,5,4,5,No,Difficult,8,1,Not at all,Extremely Satisfied,Satisfied,Yes,Yes,Neutral,Never,Slightly,Yes,Usually,No,Never,Body Pain,No,Other,80 to 90 bpm,19,97,100,66,High
Alice Johnson,UVW Academy,12-07-1992,PHD,Married,50K - 1L,3,3,8,No,Easy,4,5,Not at all,Satisfied,Most Dissatisfied,No,Yes,Agree,Often,Not At All,Yes,Never,Yes,Sometimes,Both,No,Music,More than 90 bpm,12,97,96,65,Moderate
Jane Smith,XYZ College,23-06-1983,Undergraduate,A single parent,More than 1L,2,7,0,No,Easy,3,2,Moderately,Satisfied,Neither Satisfied nor Dissatisfied,Yes,Yes,Neutral,Often,Significantly,No,Usually,No,Usually,Neck Pain,No,Music,80 to 90 bpm,14,95,94,83,High
Jane Smith,UVW Academy,07-03-1983,PHD,Married,More than 1L,0,4,2,No,Neither,3,6,Not at all,Neither Satisfied nor Dissatisfied,Most Dissatisfied,Yes,No,Neutral,Often,Not At All,Yes,Never,Yes,Usually,Neither,Yes,Exercise,70 to 80 bpm,18,98,92,87,Low
Emily Brown,PQR Institute,02-09-1987,Undergraduate,Single,Less than 50K,4,8,7,No,Easy,9,6,A great deal,Extremely Satisfied,Dissatisfied,No,Yes,Neutral,Always,Significantly,Yes,Always,Yes,Never,Both,No,Meditation,70 to 80 bpm,15,90,100,87,Moderate
John Doe,LMN School,08-02-1999,Undergraduate,Married,More than 1L,1,10,3,No,Neither,8,3,Not at all,Most Dissatisfied,Neither Satisfied nor Dissatisfied,Yes,Yes,Agree,Never,Significantly,Yes,Sometimes,No,Sometimes,Neither,No,Exercise,70 to 80 bpm,19,95,99,100,Low
Michael Wang,ABC University,27-01-1999,PHD,Married,50K - 1L,5,2,2,Yes,Neither,5,1,Not at all,Most Dissatisfied,Extremely Satisfied,No,Yes,Disagree,Always,Moderately,Yes,Usually,Yes,Always,Body Pain,Yes,Music,70 to 80 bpm,14,97,99,61,High
John Doe,UVW Academy,08-05-1981,Undergraduate,A single parent,Less than 50K,4,3,0,Yes,Difficult,10,1,A great deal,Satisfied,Dissatisfied,Yes,Yes,Neutral,Occasionally,Slightly,No,Never,No,Always,Neck Pain,No,Music,80 to 90 bpm,15,98,98,75,Moderate
Alice Johnson,XYZ College,05-10-1973,Postgraduate,Married,Less than 50K,0,9,2,No,Easy,7,6,A great deal,Most Dissatisfied,Neither Satisfied nor Dissatisfied,Yes,Yes,Agree,Rarely,Slightly,Yes,Never,Yes,Never,Neck Pain,Yes,Other,80 to 90 bpm,18,100,93,91,High
Daniel Martinez,PQR Institute,27-09-1978,Undergraduate,A single parent,50K - 1L,5,10,6,Yes,Easy,2,4,A great deal,Dissatisfied,Most Dissatisfied,Yes,No,Agree,Rarely,Significantly,No,Always,No,Always,Neither,No,Other,70 to 80 bpm,16,95,95,73,Low
David Miller,XYZ College,25-07-1974,Postgraduate,Married,50K - 1L,1,9,6,Yes,Difficult,1,1,Moderately,Neither Satisfied nor Dissatisfied,Neither Satisfied nor Dissatisfied,No,Yes,Neutral,Occasionally,Moderately,No,Sometimes,No,Never,Neck Pain,Yes,Yoga,80 to 90 bpm,13,94,94,71,Moderate
Robert Lee,PQR Institute,08-03-1962,PHD,Single,50K - 1L,1,10,2,Yes,Easy,10,3,A great deal,Neither Satisfied nor Dissatisfied,Dissatisfied,No,Yes,Neutral,Rarely,Moderately,No,Usually,Yes,Never,Body Pain,No,Meditation,80 to 90 bpm,18,99,97,69,Low
Michael Wang,ABC University,15-06-1962,Undergraduate,A single parent,50K - 1L,4,1,0,Yes,Easy,2,4,Moderately,Satisfied,Dissatisfied,No,No,Disagree,Often,Not At All,No,Usually,Yes,Always,Body Pain,No,Other,80 to 90 bpm,13,92,100,68,Moderate
Emma Davis,XYZ College,12-11-1979,Undergraduate,A single parent,50K - 1L,3,5,5,No,Neither,8,4,A great deal,Dissatisfied,Satisfied,No,No,Neutral,Often,Slightly,No,Usually,No,Sometimes,Body Pain,No,Hobbies,60 to 70 bpm,12,95,100,90,Low
Robert Lee,RST College,04-02-1975,PHD,A single parent,More than 1L,0,7,8,Yes,Neither,2,1,A great deal,Satisfied,Satisfied,No,Yes,Neutral,Rarely,Significantly,No,Always,Yes,Sometimes,Neck Pain,Yes,Music,80 to 90 bpm,12,95,97,75,High
Sarah Wilson,PQR Institute,28-09-1976,Postgraduate,A single parent,50K - 1L,5,3,7,Yes,Easy,7,6,A great deal,Most Dissatisfied,Most Dissatisfied,Yes,No,Neutral,Never,Slightly,No,Sometimes,Yes,Sometimes,Both,No,Music,70 to 80 bpm,20,96,92,71,Low
Michael Wang,RST College,02-08-1981,PHD,A single parent,50K - 1L,4,7,7,No,Neither,2,2,A great deal,Dissatisfied,Extremely Satisfied,No,Yes,Neutral,Always,Significantly,Yes,Never,Yes,Sometimes,Neck Pain,No,Meditation,60 to 70 bpm,12,99,94,87,Low
Daniel Martinez,RST College,28-03-1986,Postgraduate,Single,More than 1L,0,9,4,No,Neither,9,6,Moderately,Satisfied,Extremely Satisfied,No,Yes,Disagree,Often,Not At All,No,Usually,No,Always,Body Pain,Yes,Music,More than 90 bpm,14,96,99,68,High
Jane Smith,LMN School,12-02-1995,PHD,Single,50K - 1L,3,5,1,Yes,Neither,1,4,Moderately,Neither Satisfied nor Dissatisfied,Neither Satisfied nor Dissatisfied,No,No,Agree,Often,Significantly,Yes,Usually,Yes,Sometimes,Neither,Yes,Exercise,80 to 90 bpm,15,98,94,68,Low
Robert Lee,LMN School,25-05-2000,Undergraduate,Married,Less than 50K,4,6,6,No,Easy,6,5,Moderately,Most Dissatisfied,Neither Satisfied nor Dissatisfied,No,Yes,Agree,Always,Slightly,Yes,Never,Yes,Never,Neither,Yes,Yoga,More than 90 bpm,19,91,100,82,High
Jane Smith,XYZ College,17-09-1989,Undergraduate,Single,Less than 50K,1,2,7,No,Easy,1,1,Moderately,Most Dissatisfied,Most Dissatisfied,Yes,Yes,Neutral,Rarely,Slightly,No,Usually,No,Sometimes,Neck Pain,No,Other,70 to 80 bpm,15,100,93,84,Moderate
Michael Wang,ABC University,05-03-1968,Undergraduate,Single,Less than 50K,5,2,5,Yes,Easy,8,3,Not at all,Dissatisfied,Satisfied,Yes,Yes,Neutral,Always,Slightly,Yes,Sometimes,No,Usually,Both,No,Socializing,80 to 90 bpm,16,99,97,98,Moderate
Sarah Wilson,LMN School,06-06-1994,Undergraduate,Single,More than 1L,3,3,1,No,Neither,9,2,Not at all,Satisfied,Extremely Satisfied,Yes,Yes,Agree,Rarely,Slightly,No,Sometimes,Yes,Sometimes,Neck Pain,No,Hobbies,More than 90 bpm,12,90,92,89,Moderate
Emma Davis,PQR Institute,01-07-1976,Postgraduate,Married,More than 1L,1,8,1,No,Neither,4,3,Not at all,Dissatisfied,Satisfied,Yes,Yes,Neutral,Rarely,Moderately,No,Never,No,Usually,Neck Pain,No,Other,60 to 70 bpm,18,90,94,89,High
